rle,xup,yup,yxxup,xlo,ylo,yxxlo,alpha_te,beta_te,CL,CD,CM
0.00784,0.4332,0.0629,-0.4245,0.3618,-0.0589,0.7069,-0.1126,0.1646,0.80824572,0.00726186,0.121544033
0.00852,0.38988,0.06919,-0.46695,0.39798,-0.06479,0.77759,-0.12386,0.14814,0.800081492,0.018034839,0.126752683
0.00716,0.47652,0.05661,-0.38205,0.32562,-0.05301,0.63621,-0.10134,0.18106,0.779724767,0.003611695,0.110894539
0.0075,0.41154,0.066045,-0.488175,0.41607,-0.050065,0.600865,-0.10697,0.13991,0.796090391,0.012808802,0.118196068
0.00886,0.49818,0.053465,-0.403275,0.34371,-0.061845,0.742245,-0.12949,0.17283,0.764919645,0.007442781,0.10771387
0.00818,0.36822,0.059755,-0.445725,0.30753,-0.055955,0.812935,-0.09571,0.15637,0.773813181,0.011401021,0.111217557
0.00682,0.45486,0.072335,-0.360825,0.37989,-0.067735,0.671555,-0.11823,0.18929,0.826961254,0.014438798,0.14671744
0.00699,0.40071,0.0581825,-0.3926625,0.370845,-0.0662625,0.5831925,-0.092895,0.144025,0.596577803,0.003247774,0.064814096
0.00835,0.48735,0.0707625,-0.4775625,0.298485,-0.0544825,0.7245725,-0.115415,0.176945,0.957605503,0.015253143,0.18388292
0.00903,0.35739,0.0644725,-0.3502125,0.334665,-0.0603725,0.7952625,-0.104155,0.160485,0.832697419,0.017656837,0.130048919
0.00767,0.44403,0.0518925,-0.4351125,0.407025,-0.0485925,0.6538825,-0.126675,0.193405,0.770036439,0.004472907,0.095909346
0.00733,0.37905,0.0739075,-0.4138875,0.352755,-0.0515375,0.6185375,-0.121045,0.135795,0.962166806,0.031779808,0.184702733
0.00869,0.46569,0.0613275,-0.4987875,0.425115,-0.0633175,0.7599175,-0.098525,0.168715,0.669069654,0.004852276,0.085189571
0.00801,0.42237,0.0550375,-0.3714375,0.388935,-0.0574275,0.8306075,-0.132305,0.152255,0.79937838,0.004807335,0.105589454
0.00665,0.50901,0.0676175,-0.4563375,0.316575,-0.0692075,0.6892275,-0.109785,0.185175,0.766613022,0.005940684,0.131585474
0.006735,0.427785,0.07154875,-0.44041875,0.3301425,-0.06258125,0.71573625,-0.0971175,0.1831175,0.80397244,0.016478167,0.141594645
0.008095,0.514425,0.05896875,-0.35551875,0.4025025,-0.05080125,0.57435625,-0.1196375,0.1501975,0.863857798,0.005278996,0.123722807
0.008775,0.384465,0.05267875,-0.48286875,0.3663225,-0.06847125,0.64504625,-0.1083775,0.1666575,0.55035588,0.00202302,0.047536494
0.007415,0.471105,0.06525875,-0.39796875,0.2939625,-0.05669125,0.78642625,-0.1308975,0.1337375,0.949631467,0.010921562,0.171378566
0.007755,0.362805,0.06211375,-0.46164375,0.3844125,-0.05374625,0.75108125,-0.1140075,0.1913475,0.793652598,0.014732258,0.113984837
0.009115,0.449445,0.07469375,-0.37674375,0.3120525,-0.06552625,0.60970125,-0.0914875,0.1584275,0.799264397,0.014668746,0.136649961
0.008435,0.406125,0.06840375,-0.50409375,0.3482325,-0.04785625,0.68039125,-0.1252675,0.1748875,0.935243087,0.021834097,0.167812632
0.007075,0.492765,0.05582375,-0.41919375,0.4205925,-0.05963625,0.82177125,-0.1027475,0.1419675,0.700988575,0.004052458,0.091607935
0.006905,0.373635,0.06368625,-0.36613125,0.4115475,-0.06110875,0.73340875,-0.1280825,0.1954625,0.807948305,0.014858603,0.121034924
0.008265,0.460275,0.05110625,-0.45103125,0.3391875,-0.04932875,0.59202875,-0.1055625,0.1625425,0.728025045,0.006221912,0.092699816
0.008945,0.416955,0.05739625,-0.40858125,0.3030075,-0.06699875,0.66271875,-0.1168225,0.1790025,0.659351678,0.002732641,0.078782477
0.007585,0.503595,0.06997625,-0.49348125,0.3753675,-0.05521875,0.80409875,-0.0943025,0.1460825,0.898034859,0.01123273,0.160331667
0.007245,0.395295,0.05425125,-0.34490625,0.3210975,-0.05816375,0.76875375,-0.1111925,0.1872325,0.755458549,0.005529525,0.102805884
0.008605,0.481935,0.06683125,-0.42980625,0.3934575,-0.06994375,0.62737375,-0.1337125,0.1543125,0.791628297,0.004755517,0.1203892
0.007925,0.351975,0.07312125,-0.38735625,0.4296375,-0.05227375,0.69806375,-0.0999325,0.1707725,0.89980733,0.027039744,0.150005309
0.006565,0.438615,0.06054125,-0.47225625,0.3572775,-0.06405375,0.83944375,-0.1224525,0.1378525,0.762358001,0.006460333,0.117998238
0.0066075,0.3925875,0.065651875,-0.411234375,0.39119625,-0.055586875,0.640628125,-0.10485875,0.16974375,0.790713773,0.013936856,0.119110928
0.0079675,0.4792275,0.053071875,-0.496134375,0.31883625,-0.067366875,0.782008125,-0.12737875,0.13682375,0.666402689,0.007160912,0.093477463
0.0086475,0.3492675,0.059361875,-0.368784375,0.35501625,-0.049696875,0.711318125,-0.09359875,0.18620375,0.804201704,0.013786366,0.11109397
0.0072875,0.4359075,0.071941875,-0.453684375,0.42737625,-0.061476875,0.569938125,-0.11611875,0.15328375,0.792460939,0.01521123,0.129500147
0.0076275,0.3709275,0.056216875,-0.390009375,0.33692625,-0.064421875,0.675973125,-0.13300875,0.17797375,0.716295444,0.007529364,0.095083455
0.0089875,0.4575675,0.068796875,-0.474909375,0.40928625,-0.052641875,0.817353125,-0.11048875,0.14505375,0.896161935,0.012596917,0.148323213
0.0083075,0.4142475,0.075086875,-0.347559375,0.37310625,-0.070311875,0.746663125,-0.12174875,0.19443375,0.851056853,0.021909019,0.155943767
0.0069475,0.5008875,0.062506875,-0.432459375,0.30074625,-0.058531875,0.605283125,-0.09922875,0.16151375,0.755025073,0.004685399,0.117863931
0.0071175,0.3600975,0.070369375,-0.485521875,0.30979125,-0.057059375,0.658300625,-0.11893375,0.17385875,0.86203707,0.025856153,0.151436674
0.0084775,0.4467375,0.057789375,-0.400621875,0.38215125,-0.068839375,0.799680625,-0.09641375,0.14093875,0.643540014,0.002545433,0.07562932
0.0091575,0.4034175,0.051499375,-0.443071875,0.41833125,-0.051169375,0.728990625,-0.13019375,0.19031875,0.746690754,0.004500739,0.082326562
0.0077975,0.4900575,0.064079375,-0.358171875,0.34597125,-0.062949375,0.587610625,-0.10767375,0.15739875,0.811348516,0.004041991,0.122064351
0.0074575,0.4250775,0.060934375,-0.506746875,0.40024125,-0.060004375,0.693645625,-0.09078375,0.16562875,0.659464747,0.005542794,0.083405996
0.0088175,0.5117175,0.073514375,-0.421846875,0.32788125,-0.048224375,0.835025625,-0.11330375,0.13270875,1.097826815,0.02537225,0.229383784
0.0081375,0.3817575,0.067224375,-0.464296875,0.29170125,-0.065894375,0.764335625,-0.10204375,0.18208875,0.72022992,0.01403926,0.108450986
0.0067775,0.4683975,0.054644375,-0.379396875,0.36406125,-0.054114375,0.622955625,-0.12456375,0.14916875,0.780277069,0.003698566,0.108295559
0.0066925,0.3871725,0.057003125,-0.342253125,0.43189875,-0.047488125,0.790844375,-0.11471125,0.15534125,0.811290132,0.008803346,0.108301837
0.0080525,0.4738125,0.069583125,-0.427153125,0.35953875,-0.059268125,0.649464375,-0.09219125,0.18826125,0.83845385,0.009548511,0.139932822
0.0087325,0.4304925,0.063293125,-0.384703125,0.32335875,-0.053378125,0.578774375,-0.12597125,0.13888125,0.892360404,0.010444995,0.141808713
0.0073725,0.5171325,0.050713125,-0.469603125,0.39571875,-0.065158125,0.720154375,-0.10345125,0.17180125,0.581639076,0.007326634,0.072745242
0.0077125,0.4088325,0.072728125,-0.363478125,0.30526875,-0.068103125,0.826189375,-0.09782125,0.16357125,0.809762175,0.018738731,0.143791897
0.0090725,0.4954725,0.060148125,-0.448378125,0.37762875,-0.056323125,0.684809375,-0.12034125,0.19649125,0.845155679,0.005110653,0.122518465
0.0083925,0.3655125,0.053858125,-0.405928125,0.41380875,-0.062213125,0.614119375,-0.10908125,0.14711125,0.594710532,0.003532072,0.052488721
0.0070325,0.4521525,0.066438125,-0.490828125,0.34144875,-0.050433125,0.755499375,-0.13160125,0.18003125,0.955275773,0.016626949,0.180087911
0.0068625,0.4196625,0.052285625,-0.458990625,0.35049375,-0.051905625,0.808516875,-0.11189625,0.15945625,0.767875573,0.002976078,0.099670398
0.0082225,0.5063025,0.064865625,-0.374090625,0.42285375,-0.063685625,0.667136875,-0.13441625,0.19237625,0.862641993,0.004101998,0.130490335
0.0089025,0.3763425,0.071155625,-0.501440625,0.38667375,-0.057795625,0.596446875,-0.10063625,0.14299625,0.771804256,0.019949288,0.116516545
0.0075425,0.4629825,0.058575625,-0.416540625,0.31431375,-0.069575625,0.737826875,-0.12315625,0.17591625,0.690245703,0.003205653,0.097860996
0.0072025,0.3546825,0.068010625,-0.437765625,0.36858375,-0.066630625,0.843861875,-0.12878625,0.15122625,0.833232072,0.022515391,0.139875462
0.0085625,0.4413225,0.055430625,-0.352865625,0.29622375,-0.054850625,0.702481875,-0.10626625,0.18414625,0.786481103,0.004535241,0.107192446
0.0078825,0.3980025,0.061720625,-0.480215625,0.33240375,-0.060740625,0.631791875,-0.11752625,0.13476625,0.73321375,0.008438794,0.103355323
0.0065225,0.4846425,0.074300625,-0.395315625,0.40476375,-0.048960625,0.773171875,-0.09500625,0.16768625,0.95414165,0.0202179,0.182421661
0.00654375,0.41560125,0.061524063,-0.372764063,0.319966875,-0.050249063,0.678182188,-0.103803125,0.147625625,0.852938958,0.01045963,0.13580245
0.00790375,0.50224125,0.074104063,-0.457664063,0.392326875,-0.062029063,0.819562188,-0.126323125,0.180545625,0.934741497,0.016828683,0.181491636
0.00858375,0.37228125,0.067814063,-0.415214063,0.428506875,-0.056139063,0.748872188,-0.092543125,0.164085625,0.772587327,0.015996607,0.10609944
0.00722375,0.45892125,0.055234063,-0.500114063,0.356146875,-0.067919063,0.607492188,-0.115063125,0.197005625,0.595985217,0.004317307,0.075560545
0.00756375,0.35062125,0.070959063,-0.351539063,0.410416875,-0.064974063,0.642837188,-0.131953125,0.139395625,0.879192297,0.024755407,0.149516363
0.00892375,0.43726125,0.058379063,-0.436439063,0.338056875,-0.053194063,0.784217188,-0.109433125,0.172315625,0.848101395,0.00492385,0.119675856
0.00824375,0.39394125,0.052089063,-0.393989063,0.301876875,-0.059084063,0.713527188,-0.120693125,0.155855625,0.717889751,0.004467812,0.088959208
0.00688375,0.48058125,0.064669063,-0.478889063,0.374236875,-0.047304063,0.572147188,-0.098173125,0.188775625,0.839397501,0.009401211,0.140388209
0.00705375,0.38311125,0.053661563,-0.425826563,0.383281875,-0.048776563,0.695854688,-0.123508125,0.135280625,0.772249721,0.005655018,0.097856518
0.00841375,0.46975125,0.066241563,-0.340926563,0.310921875,-0.060556563,0.837234688,-0.100988125,0.168200625,0.900703247,0.009731936,0.154406064
0.00909375,0.42643125,0.072531563,-0.468276563,0.347101875,-0.054666563,0.766544688,-0.134768125,0.151740625,0.97414979,0.025724795,0.190275942
0.00773375,0.51307125,0.059951563,-0.383376563,0.419461875,-0.066446563,0.625164688,-0.112248125,0.184660625,0.697208583,0.003607248,0.093610628
0.00739375,0.40477125,0.063096563,-0.447051563,0.329011875,-0.069391563,0.660509688,-0.095358125,0.143510625,0.6252632,0.005950443,0.079872235
0.00875375,0.49141125,0.050516563,-0.362151563,0.401371875,-0.057611563,0.801889688,-0.117878125,0.176430625,0.715910756,0.007572488,0.090012111
0.00807375,0.36145125,0.056806563,-0.489501563,0.365191875,-0.063501563,0.731199688,-0.106618125,0.159970625,0.640378803,0.006102239,0.071556441
0.00671375,0.44809125,0.069386563,-0.404601563,0.292831875,-0.051721563,0.589819688,-0.129138125,0.192890625,0.941720483,0.018125466,0.179231845
0.00679875,0.36686625,0.067027813,-0.399295313,0.360669375,-0.058347813,0.828398438,-0.116470625,0.194948125,0.884017228,0.021615118,0.152171168
0.00815875,0.45350625,0.054447813,-0.484195313,0.433029375,-0.070127813,0.687018438,-0.093950625,0.162028125,0.50599517,0.003180061,0.044033324
0.00883875,0.41018625,0.060737813,-0.356845313,0.396849375,-0.052457813,0.616328438,-0.127730625,0.178488125,0.837594506,0.00883645,0.117993457
0.00747875,0.49682625,0.073317813,-0.441745313,0.324489375,-0.064237813,0.757708438,-0.105210625,0.145568125,0.887128439,0.01438815,0.169636783
0.00781875,0.43184625,0.051302813,-0.420520313,0.378759375,-0.061292813,0.793053438,-0.099580625,0.186718125,0.632432296,0.003657935,0.071236222
0.00917875,0.51848625,0.063882813,-0.505420313,0.306399375,-0.049512813,0.651673438,-0.122100625,0.153798125,1.012006578,0.006379495,0.168174153
0.00849875,0.38852625,0.070172813,-0.378070313,0.342579375,-0.067182813,0.580983438,-0.110840625,0.170258125,0.770190043,0.016512971,0.121198907
0.00713875,0.47516625,0.057592813,-0.462970313,0.414939375,-0.055402813,0.722363438,-0.133360625,0.137338125,0.786222487,0.005540553,0.112738724
0.00696875,0.39935625,0.074890313,-0.494807813,0.423984375,-0.053930313,0.846070938,-0.108025625,0.182603125,0.886037218,0.027500241,0.15926627
0.00832875,0.48599625,0.062310313,-0.409907813,0.351624375,-0.065710313,0.704690938,-0.130545625,0.149683125,0.829839381,0.003407954,0.124465559
0.00900875,0.35603625,0.056020313,-0.452357813,0.315444375,-0.048040313,0.634000938,-0.096765625,0.166143125,0.758813539,0.009154883,0.095775865
0.00764875,0.44267625,0.068600313,-0.367457813,0.387804375,-0.059820313,0.775380938,-0.119285625,0.133223125,0.883756917,0.014453678,0.151699611
0.00730875,0.37769625,0.059165313,-0.473582813,0.297354375,-0.062765313,0.810725938,-0.124915625,0.190833125,0.742592493,0.009581289,0.10898841
0.00866875,0.46433625,0.071745313,-0.388682813,0.369714375,-0.050985313,0.669345938,-0.102395625,0.157913125,0.945043276,0.017330497,0.171315229
0.00798875,0.42101625,0.065455313,-0.431132813,0.405894375,-0.068655313,0.598655938,-0.113655625,0.174373125,0.680848534,0.00678836,0.089906583
0.00662875,0.50765625,0.052875313,-0.346232813,0.333534375,-0.056875313,0.740035938,-0.091135625,0.141453125,0.720209575,0.004582797,0.101402993
0.00658625,0.36957375,0.073710938,-0.449704688,0.362930625,-0.059452188,0.603074063,-0.129841875,0.175401875,0.891601033,0.028837635,0.164716928
0.00794625,0.45621375,0.061130938,-0.364804688,0.290570625,-0.047672188,0.744454063,-0.107321875,0.142481875,0.955745737,0.00877635,0.157752375
0.00862625,0.41289375,0.054840938,-0.492154688,0.326750625,-0.065342188,0.815144063,-0.118581875,0.191861875,0.695289889,0.002681868,0.085740307
0.00726625,0.49953375,0.067420938,-0.407254688,0.399110625,-0.053562188,0.673764063,-0.096061875,0.158941875,0.882942578,0.00712659,0.143467245
0.00760625,0.39123375,0.057985938,-0.428479688,0.344840625,-0.056507188,0.567729063,-0.101691875,0.167171875,0.695706268,0.00521198,0.085943293
0.00896625,0.47787375,0.070565938,-0.343579688,0.417200625,-0.068287188,0.709109063,-0.124211875,0.134251875,0.850958269,0.010581652,0.138572533
0.00828625,0.34791375,0.064275938,-0.470929688,0.381020625,-0.050617188,0.779799063,-0.090431875,0.183631875,0.799004293,0.018010471,0.113895854
0.00692625,0.43455375,0.051695938,-0.386029688,0.308660625,-0.062397188,0.638419063,-0.112951875,0.150711875,0.623972003,0.00291773,0.075179026
0.00709625,0.42372375,0.068993438,-0.354192188,0.299615625,-0.063869688,0.620746563,-0.093246875,0.171286875,0.734526212,0.010589939,0.112142506
0.00845625,0.51036375,0.056413438,-0.439092188,0.371975625,-0.052089688,0.762126563,-0.115766875,0.138366875,0.84589654,0.006822456,0.123170067
0.00913625,0.38040375,0.062703438,-0.396642188,0.408155625,-0.069759688,0.832816563,-0.104506875,0.187746875,0.667033229,0.008156143,0.078760613
0.00777625,0.46704375,0.075283438,-0.481542188,0.335795625,-0.057979688,0.691436563,-0.127026875,0.154826875,0.937483571,0.023776068,0.191955192
0.00743625,0.35874375,0.053268438,-0.375417188,0.426245625,-0.055034688,0.585401563,-0.121396875,0.179516875,0.671289926,0.005714672,0.071483321
0.00879625,0.44538375,0.065848438,-0.460317188,0.353885625,-0.066814688,0.726781563,-0.098876875,0.146596875,0.737938103,0.005850985,0.107484448
0.00811625,0.40206375,0.072138438,-0.417867188,0.317705625,-0.049144688,0.797471563,-0.132656875,0.195976875,1.060920132,0.03313736,0.219853051
0.00675625,0.48870375,0.059558438,-0.502767188,0.390065625,-0.060924688,0.656091563,-0.110136875,0.163056875,0.703158875,0.005667839,0.104540761
0.00667125,0.40747875,0.055627188,-0.476235938,0.403633125,-0.067550938,0.753290313,-0.100284375,0.156884375,0.571471664,0.002843319,0.060038151
0.00803125,0.49411875,0.068207188,-0.391335938,0.331273125,-0.055770938,0.611910313,-0.122804375,0.189804375,0.949046573,0.010616197,0.170041987
0.00871125,0.36415875,0.074497188,-0.433785938,0.295093125,-0.061660938,0.682600313,-0.111544375,0.140424375,0.859696765,0.028013886,0.154792877
0.00735125,0.45079875,0.061917188,-0.348885938,0.367453125,-0.049880938,0.823980313,-0.134064375,0.173344375,0.975859015,0.010779663,0.165525548
0.00769125,0.38581875,0.065062188,-0.497460938,0.313183125,-0.052825938,0.717945313,-0.117174375,0.148654375,0.859939938,0.018185745,0.144148337
0.00905125,0.47245875,0.052482188,-0.412560938,0.385543125,-0.064605938,0.576565313,-0.094654375,0.181574375,0.575782522,0.005187998,0.060949149
0.00837125,0.42913875,0.058772188,-0.455010938,0.421723125,-0.058715938,0.647255313,-0.128434375,0.132194375,0.734499039,0.002984294,0.088607192
0.00701125,0.51577875,0.071352188,-0.370110938,0.349363125,-0.070495938,0.788635313,-0.105914375,0.165114375,0.866770559,0.009934064,0.156847077
0.00684125,0.35332875,0.060344688,-0.423173438,0.340318125,-0.069023438,0.770962813,-0.125619375,0.152769375,0.703670646,0.012417923,0.099724115
0.00820125,0.43996875,0.072924688,-0.508073438,0.412678125,-0.057243438,0.629582813,-0.103099375,0.185689375,0.813561067,0.016952056,0.137544403
0.00888125,0.39664875,0.066634688,-0.380723438,0.376498125,-0.063133438,0.700272813,-0.114359375,0.136309375,0.793356871,0.013524014,0.119482653
0.00752125,0.48328875,0.054054688,-0.465623438,0.304138125,-0.051353438,0.841652813,-0.091839375,0.169229375,0.801335525,0.006398713,0.119220103
0.00718125,0.41830875,0.069779688,-0.401948438,0.394588125,-0.048408438,0.735617813,-0.108729375,0.160999375,0.924117377,0.020367781,0.163096685
0.00854125,0.50494875,0.057199688,-0.486848438,0.322228125,-0.060188438,0.594237813,-0.131249375,0.193919375,0.761906373,0.007778675,0.114619645
0.00786125,0.37498875,0.050909688,-0.359498438,0.358408125,-0.054298438,0.664927813,-0.097469375,0.144539375,0.66652104,0.004138437,0.072182157
0.00650125,0.46162875,0.063489688,-0.444398438,0.430768125,-0.066078438,0.806307813,-0.119989375,0.177459375,0.733856032,0.005915272,0.108621038
0.006511875,0.404094375,0.070074531,-0.349549219,0.356712188,-0.060832656,0.696959219,-0.113127813,0.179774063,0.865631142,0.019362233,0.153075807
0.007871875,0.490734375,0.057494531,-0.434449219,0.429072188,-0.049052656,0.838339219,-0.090607813,0.146854063,0.77133403,0.004743323,0.102100893
0.008551875,0.360774375,0.051204531,-0.391999219,0.392892188,-0.066722656,0.767649219,-0.124387813,0.196234063,0.625454714,0.004469768,0.062765353
0.007191875,0.447414375,0.063784531,-0.476899219,0.320532188,-0.054942656,0.626269219,-0.101867813,0.163314063,0.790297197,0.007896171,0.12538184
0.007531875,0.382434375,0.060639531,-0.370774219,0.374802188,-0.057887656,0.661614219,-0.096237813,0.171544063,0.724610765,0.008774355,0.094533337
0.008891875,0.469074375,0.073219531,-0.455674219,0.302442188,-0.069667656,0.802994219,-0.118757813,0.138624063,0.848611221,0.014807213,0.158972956
0.008211875,0.425754375,0.066929531,-0.413224219,0.338622188,-0.051997656,0.732304219,-0.107497813,0.188004063,0.90860747,0.015214207,0.156747368
0.006851875,0.512394375,0.054349531,-0.498124219,0.410982188,-0.063777656,0.590924219,-0.130017813,0.155084063,0.648986132,0.006705543,0.089258463
0.007021875,0.349944375,0.065357031,-0.466286719,0.420027188,-0.062305156,0.679286719,-0.110312813,0.167429063,0.712555294,0.015915755,0.093591408
0.008381875,0.436584375,0.052777031,-0.381386719,0.347667188,-0.050525156,0.820666719,-0.132832813,0.134509063,0.877205234,0.006440996,0.123045658
0.009061875,0.393264375,0.059067031,-0.508736719,0.311487188,-0.068195156,0.749976719,-0.099052813,0.183889063,0.620606537,0.003234047,0.071019952
0.007701875,0.479904375,0.071647031,-0.423836719,0.383847188,-0.056415156,0.608596719,-0.121572813,0.150969063,0.911704458,0.014938256,0.166482799
0.007361875,0.414924375,0.055922031,-0.445061719,0.293397188,-0.053470156,0.643941719,-0.127202813,0.175659063,0.789907471,0.004142358,0.109137266
0.008721875,0.501564375,0.068502031,-0.360161719,0.365757188,-0.065250156,0.785321719,-0.104682813,0.142739063,0.884854858,0.008383872,0.147773986
0.008041875,0.371604375,0.074792031,-0.487511719,0.401937188,-0.047580156,0.714631719,-0.115942813,0.192119063,0.950178993,0.03284016,0.174919851
0.006681875,0.458244375,0.062212031,-0.402611719,0.329577188,-0.059360156,0.573251719,-0.093422813,0.159199063,0.72642071,0.003625842,0.103863813
0.006766875,0.377019375,0.051990781,-0.407917969,0.325054688,-0.065986406,0.847175469,-0.106090313,0.161256563,0.633364444,0.003060115,0.075300671
0.008126875,0.463659375,0.064570781,-0.492817969,0.397414688,-0.054206406,0.705795469,-0.128610313,0.194176563,0.874060492,0.008158229,0.139321004
0.008806875,0.420339375,0.070860781,-0.365467969,0.433594688,-0.060096406,0.635105469,-0.094830313,0.144796563,0.77794265,0.012985965,0.112788344
0.007446875,0.506979375,0.058280781,-0.450367969,0.361234688,-0.048316406,0.776485469,-0.117350313,0.177716563,0.902995261,0.00655826,0.142010993
0.007786875,0.398679375,0.067715781,-0.386692969,0.415504688,-0.051261406,0.811830469,-0.134240313,0.153026563,0.940109951,0.020896737,0.161830093
0.009146875,0.485319375,0.055135781,-0.471592969,0.343144688,-0.063041406,0.670450469,-0.111720313,0.185946563,0.686976691,0.00666628,0.091886079
0.008466875,0.355359375,0.061425781,-0.344242969,0.306964688,-0.057151406,0.599760469,-0.122980313,0.136566563,0.814046956,0.015344959,0.121544806
0.007106875,0.441999375,0.074005781,-0.429142969,0.379324688,-0.068931406,0.741140469,-0.100460313,0.169486563,0.78168169,0.015978747,0.136232884
0.006936875,0.431169375,0.056708281,-0.482205469,0.388369688,-0.070403906,0.829502969,-0.120165313,0.148911563,0.643822002,0.003936058,0.082708746
0.008296875,0.517809375,0.069288281,-0.397305469,0.316009688,-0.058623906,0.688122969,-0.097645313,0.181831563,0.928985211,0.008986035,0.163783212
0.008976875,0.387849375,0.062998281,-0.439755469,0.352189688,-0.064513906,0.617432969,-0.131425313,0.132451563,0.757619737,0.010803669,0.107664181
0.007616875,0.474489375,0.050418281,-0.354855469,0.424549688,-0.052733906,0.758812969,-0.108905313,0.165371563,0.697100849,0.005243526,0.0828873
0.007276875,0.366189375,0.072433281,-0.503430469,0.334099688,-0.049788906,0.794157969,-0.092015313,0.157141563,0.91934599,0.030683003,0.169096975
0.008636875,0.452829375,0.059853281,-0.418530469,0.406459688,-0.061568906,0.652777969,-0.114535313,0.190061563,0.728684921,0.002548691,0.0908112
0.007956875,0.409509375,0.053563281,-0.460980469,0.370279688,-0.055678906,0.582087969,-0.103275313,0.140681563,0.654110842,0.002494474,0.070427689
0.006596875,0.496149375,0.066143281,-0.376080469,0.297919688,-0.067458906,0.723467969,-0.125795313,0.173601563,0.811008653,0.005081981,0.136073226
0.006639375,0.358066875,0.058673906,-0.442408594,0.399675938,-0.051629531,0.621851094,-0.098349063,0.143767813,0.707378485,0.010027372,0.086133925
0.007999375,0.444706875,0.071253906,-0.357508594,0.327315938,-0.063409531,0.763231094,-0.120869063,0.176687813,0.912109341,0.018280744,0.171924464
0.008679375,0.401386875,0.064963906,-0.484858594,0.291135938,-0.057519531,0.833921094,-0.109609063,0.160227813,0.846079349,0.014403354,0.140289745
0.007319375,0.488026875,0.052383906,-0.399958594,0.363495938,-0.069299531,0.692541094,-0.132129063,0.193147813,0.648428248,0.005472528,0.087154643
0.007659375,0.423046875,0.074398906,-0.463633594,0.309225938,-0.066354531,0.586506094,-0.115239063,0.135537813,0.768612283,0.018229764,0.133964904
0.009019375,0.509686875,0.061818906,-0.378733594,0.381585938,-0.054574531,0.727886094,-0.092719063,0.168457813,0.848252609,0.004694818,0.121265641
0.008339375,0.379726875,0.055528906,-0.506083594,0.417765938,-0.060464531,0.798576094,-0.126499063,0.151997813,0.679264399,0.004000774,0.072312606
0.006979375,0.466366875,0.068108906,-0.421183594,0.345405938,-0.048684531,0.657196094,-0.103979063,0.184917813,0.934775453,0.014103799,0.169755738
0.007149375,0.390556875,0.050811406,-0.368121094,0.336360938,-0.047212031,0.604178594,-0.129314063,0.139652813,0.799370591,0.005708378,0.104812909
0.008509375,0.477196875,0.063391406,-0.453021094,0.408720938,-0.058992031,0.745558594,-0.106794063,0.172572813,0.806259093,0.003713938,0.113510823
0.009189375,0.347236875,0.069681406,-0.410571094,0.372540938,-0.053102031,0.816248594,-0.118054063,0.156112813,0.959524038,0.029141015,0.169849858
0.007829375,0.433876875,0.057101406,-0.495471094,0.300180938,-0.064882031,0.674868594,-0.095534063,0.189032813,0.590300795,0.003355214,0.071295897
0.007489375,0.368896875,0.066536406,-0.346896094,0.390630938,-0.067827031,0.568833594,-0.112424063,0.147882813,0.721482895,0.014048568,0.100367645
0.008849375,0.455536875,0.053956406,-0.431796094,0.318270938,-0.056047031,0.710213594,-0.134944063,0.180802813,0.833875919,0.005381648,0.116113385
0.008169375,0.412216875,0.060246406,-0.389346094,0.354450938,-0.061937031,0.780903594,-0.101164063,0.164342813,0.742998185,0.005744331,0.100959046
0.006809375,0.498856875,0.072826406,-0.474246094,0.426810938,-0.050157031,0.639523594,-0.123684063,0.197262813,0.939741753,0.017445063,0.180046986
0.006724375,0.417631875,0.064177656,-0.500777344,0.368018438,-0.056783281,0.772067344,-0.133536563,0.191090313,0.846744581,0.014174929,0.144027879
0.008084375,0.504271875,0.051597656,-0.415877344,0.295658438,-0.068563281,0.630687344,-0.111016563,0.158170313,0.540204067,0.005889322,0.064495986
0.008764375,0.374311875,0.057887656,-0.458327344,0.331838438,-0.050893281,0.701377344,-0.122276563,0.174630313,0.823165559,0.010522613,0.11638711
0.007404375,0.460951875,0.070467656,-0.373427344,0.404198438,-0.062673281,0.842757344,-0.099756563,0.141710313,0.843054893,0.012392535,0.141068246
0.007744375,0.352651875,0.054742656,-0.479552344,0.349928438,-0.059728281,0.736722344,-0.105386563,0.182860313,0.664542688,0.006492872,0.076851385
0.009104375,0.439291875,0.067322656,-0.394652344,0.422288438,-0.047948281,0.595342344,-0.127906563,0.149940313,0.919262982,0.013443478,0.148269235
0.008424375,0.395971875,0.073612656,-0.437102344,0.386108438,-0.065618281,0.666032344,-0.094126563,0.166400313,0.758781979,0.018587591,0.11959473
0.007064375,0.482611875,0.061032656,-0.352202344,0.313748438,-0.053838281,0.807412344,-0.116646563,0.133480313,0.941549155,0.006586075,0.156910309
0.006894375,0.385141875,0.072040156,-0.384039844,0.304703438,-0.055310781,0.754394844,-0.091311563,0.186975313,0.896986618,0.024747369,0.165149897
0.008254375,0.471781875,0.059460156,-0.468939844,0.377063438,-0.067090781,0.613014844,-0.113831563,0.154055313,0.666373951,0.004272663,0.088832835
0.008934375,0.428461875,0.053170156,-0.341589844,0.413243438,-0.049420781,0.683704844,-0.102571563,0.170515313,0.734371112,0.004454471,0.083082787
0.007574375,0.515101875,0.065750156,-0.426489844,0.340883438,-0.061200781,0.825084844,-0.125091563,0.137595313,0.953828709,0.007215205,0.167640299
0.007234375,0.406801875,0.062605156,-0.405264844,0.431333438,-0.064145781,0.719049844,-0.119461563,0.195205313,0.711350925,0.007389146,0.09264216
0.008594375,0.493441875,0.075185156,-0.490164844,0.358973438,-0.052365781,0.577669844,-0.096941563,0.162285313,0.919847618,0.017699933,0.174238837
0.007914375,0.363481875,0.068895156,-0.362814844,0.322793438,-0.070035781,0.648359844,-0.130721563,0.178745313,0.797644263,0.019354907,0.131393963
0.006554375,0.450121875,0.056315156,-0.447714844,0.395153438,-0.058255781,0.789739844,-0.108201563,0.145825313,0.714224842,0.003949603,0.09610131
0.006533125,0.381080625,0.068698594,-0.467613281,0.326185313,-0.054022344,0.584297031,-0.098700938,0.165885938,0.807344099,0.019315422,0.131635383
0.007893125,0.467720625,0.056118594,-0.382713281,0.398545313,-0.065802344,0.725677031,-0.121220938,0.132965938,0.692126846,0.003431906,0.087175751
0.008573125,0.424400625,0.062408594,-0.425163281,0.362365313,-0.048132344,0.796367031,-0.109960938,0.182345938,0.902326399,0.010235579,0.140685731
0.007213125,0.511040625,0.074988594,-0.340263281,0.290005313,-0.059912344,0.654987031,-0.132480938,0.149425938,0.967652726,0.020311688,0.196147953
0.007553125,0.402740625,0.052973594,-0.488838281,0.380455313,-0.062857344,0.619642031,-0.115590938,0.174115938,0.607649905,0.002696925,0.063734381
0.008913125,0.489380625,0.065553594,-0.403938281,0.308095313,-0.051077344,0.761022031,-0.093070938,0.141195938,0.96418934,0.008944407,0.163891364
0.008233125,0.359420625,0.071843594,-0.446388281,0.344275313,-0.068747344,0.831712031,-0.126850938,0.190575938,0.860104694,0.026466352,0.154962424
0.006873125,0.446060625,0.059263594,-0.361488281,0.416635313,-0.056967344,0.690332031,-0.104330938,0.157655938,0.742107293,0.003271057,0.096232966
0.007043125,0.413570625,0.073416094,-0.414550781,0.407590313,-0.058439844,0.566624531,-0.124035938,0.178230938,0.85559718,0.021375409,0.150534131
0.008403125,0.500210625,0.060836094,-0.499450781,0.335230313,-0.070219844,0.708004531,-0.101515938,0.145310938,0.663925366,0.005431796,0.097987702
0.009083125,0.370250625,0.054546094,-0.372100781,0.299050313,-0.052549844,0.778694531,-0.112775938,0.194690938,0.82452294,0.010087767,0.115747288
0.007723125,0.456890625,0.067126094,-0.457000781,0.371410313,-0.064329844,0.637314531,-0.090255938,0.161770938,0.722922449,0.006412651,0.107309798
0.007383125,0.348590625,0.057691094,-0.393325781,0.317140313,-0.061384844,0.601969531,-0.107145938,0.170000938,0.660893394,0.009169499,0.0811116
0.008743125,0.435230625,0.070271094,-0.478225781,0.389500313,-0.049604844,0.743349531,-0.129665938,0.137080938,0.960384256,0.021135844,0.175845477
0.008063125,0.391910625,0.063981094,-0.350875781,0.425680313,-0.067274844,0.814039531,-0.095885938,0.186460938,0.68356117,0.008461704,0.082927189
0.006703125,0.478550625,0.051401094,-0.435775781,0.353320313,-0.055494844,0.672659531,-0.118405938,0.153540938,0.718425948,0.00576395,0.098946471
0.006788125,0.397325625,0.060049844,-0.451694531,0.294527813,-0.048868594,0.734513281,-0.131073438,0.151483438,0.901843507,0.013506565,0.150603983
0.008148125,0.483965625,0.072629844,-0.366794531,0.366887813,-0.060648594,0.593133281,-0.108553438,0.184403438,0.883536699,0.013286888,0.1573126
0.008828125,0.354005625,0.066339844,-0.494144531,0.403067813,-0.054758594,0.663823281,-0.119813438,0.135023438,0.798137674,0.019616627,0.115547127
0.007468125,0.440645625,0.053759844,-0.409244531,0.330707813,-0.066538594,0.805203281,-0.097293438,0.167943438,0.632689174,0.002986345,0.079096717
0.007808125,0.375665625,0.069484844,-0.430469531,0.421157813,-0.069483594,0.769858281,-0.102923438,0.159713438,0.704012023,0.015298754,0.09615916
0.009168125,0.462305625,0.056904844,-0.345569531,0.348797813,-0.057703594,0.628478281,-0.125443438,0.192633438,0.814067643,0.005099267,0.111844827
0.008488125,0.418985625,0.050614844,-0.472919531,0.312617813,-0.063593594,0.699168281,-0.091663438,0.143253438,0.559643193,0.00389571,0.05727475
0.007128125,0.505625625,0.063194844,-0.388019531,0.384977813,-0.051813594,0.840548281,-0.114183438,0.176173438,0.95343775,0.005816502,0.156621703
0.006958125,0.364835625,0.055332344,-0.356182031,0.375932813,-0.050341094,0.716840781,-0.094478438,0.163828438,0.740007121,0.008067404,0.093347805
0.008318125,0.451475625,0.067912344,-0.441082031,0.303572813,-0.062121094,0.575460781,-0.116998438,0.196748438,0.787864026,0.008631334,0.126983192
0.008998125,0.408155625,0.074202344,-0.398632031,0.339752813,-0.056231094,0.646150781,-0.105738438,0.147368438,0.907722407,0.025040603,0.167448637
0.007638125,0.494795625,0.061622344,-0.483532031,0.412112813,-0.068011094,0.787530781,-0.128258438,0.180288438,0.738050741,0.006285508,0.112354387
0.007298125,0.429815625,0.064767344,-0.377407031,0.357842813,-0.065066094,0.752185781,-0.122628438,0.155598438,0.817480065,0.010179941,0.132081429
0.008658125,0.516455625,0.052187344,-0.462307031,0.430202813,-0.053286094,0.610805781,-0.100108438,0.188518438,0.649378181,0.007929528,0.078475295
0.007978125,0.386495625,0.058477344,-0.419857031,0.394022813,-0.059176094,0.681495781,-0.133888438,0.139138438,0.762349811,0.007996232,0.100759121
0.006618125,0.473135625,0.071057344,-0.504757031,0.321662813,-0.047396094,0.822875781,-0.111368438,0.172058438,0.99697308,0.02328047,0.207430552
0.006575625,0.427108125,0.054152969,-0.395978906,0.427941563,-0.069115469,0.659405156,-0.117702188,0.136052188,0.57574051,0.001957127,0.059246541
0.007935625,0.513748125,0.066732969,-0.480878906,0.355581563,-0.057335469,0.800785156,-0.095182188,0.168972188,0.891563213,0.006306096,0.149053426
0.008615625,0.383788125,0.073022969,-0.353528906,0.319401563,-0.063225469,0.730095156,-0.128962188,0.152512188,0.925503777,0.027225288,0.176252541
0.007255625,0.470428125,0.060442969,-0.438428906,0.391761563,-0.051445469,0.588715156,-0.106442188,0.185432188,0.799626447,0.004573575,0.115435482
0.007595625,0.362128125,0.063587969,-0.417203906,0.301311563,-0.048500469,0.694750156,-0.100812188,0.144282188,0.887334446,0.019686911,0.145592585
0.008955625,0.448768125,0.051007969,-0.502103906,0.373671563,-0.060280469,0.836130156,-0.123332188,0.177202188,0.697230991,0.006918835,0.085860245
0.008275625,0.405448125,0.057297969,-0.374753906,0.409851563,-0.054390469,0.765440156,-0.112072188,0.160742188,0.757777184,0.005212832,0.093440411
0.006915625,0.492088125,0.069877969,-0.459653906,0.337491563,-0.066170469,0.624060156,-0.134592188,0.193662188,0.847824723,0.011430514,0.158704014
0.007085625,0.372958125,0.062015469,-0.491491406,0.346536563,-0.067642969,0.641732656,-0.109257188,0.140167188,0.636454676,0.009311218,0.080732309
0.008445625,0.459598125,0.074595469,-0.406591406,0.418896563,-0.055862969,0.783112656,-0.131777188,0.173087188,0.961261156,0.022687739,0.183995726
0.009125625,0.416278125,0.068305469,-0.449041406,0.382716563,-0.061752969,0.712422656,-0.097997188,0.156627188,0.771108053,0.011723742,0.114810949
0.007765625,0.502918125,0.055725469,-0.364141406,0.310356563,-0.049972969,0.571042656,-0.120517188,0.189547188,0.852875274,0.005508908,0.126163092
0.007425625,0.394618125,0.071450469,-0.470266406,0.364626563,-0.052917969,0.677077656,-0.126147188,0.131937188,0.917196265,0.026156877,0.168580621
0.008785625,0.481258125,0.058870469,-0.385366406,0.292266563,-0.064697969,0.818457656,-0.103627188,0.164857188,0.752615101,0.003941799,0.107240037
0.008105625,0.351298125,0.052580469,-0.427816406,0.328446563,-0.058807969,0.747767656,-0.114887188,0.148397188,0.691876944,0.006605872,0.082629297
0.006745625,0.437938125,0.065160469,-0.342916406,0.400806563,-0.070587969,0.606387656,-0.092367188,0.181317188,0.653938216,0.004947467,0.083779813
0.006660625,0.356713125,0.075381719,-0.380060156,0.396284063,-0.063961719,0.809621406,-0.102219688,0.187489688,0.891651824,0.02911387,0.162263976
0.008020625,0.443353125,0.062801719,-0.464960156,0.323924063,-0.052181719,0.668241406,-0.124739688,0.154569688,0.892359074,0.008531329,0.143825083
0.008700625,0.400033125,0.056511719,-0.422510156,0.360104063,-0.069851719,0.597551406,-0.090959688,0.171029688,0.549234576,0.001694133,0.050245202
0.007340625,0.486673125,0.069091719,-0.507410156,0.432464063,-0.058071719,0.738931406,-0.113479688,0.138109688,0.813489776,0.011533556,0.13800127
0.007680625,0.421693125,0.059656719,-0.358835156,0.342014063,-0.055126719,0.844966406,-0.130369688,0.195719688,0.907764392,0.009702213,0.145831704
0.009040625,0.508333125,0.072236719,-0.443735156,0.414374063,-0.066906719,0.703586406,-0.107849688,0.162799688,0.846346099,0.008141477,0.138774213
0.008360625,0.378373125,0.065946719,-0.401285156,0.378194063,-0.049236719,0.632896406,-0.119109688,0.179259688,0.892365482,0.019033182,0.143999943
0.007000625,0.465013125,0.053366719,-0.486185156,0.305834063,-0.061016719,0.774276406,-0.096589688,0.146339688,0.647934937,0.004874921,0.088136703
0.006830625,0.410863125,0.067519219,-0.433122656,0.314879063,-0.059544219,0.791948906,-0.121924688,0.191604688,0.871202503,0.01757764,0.157025819
0.008190625,0.497503125,0.054939219,-0.348222656,0.387239063,-0.047764219,0.650568906,-0.099404688,0.158684688,0.798781338,0.005488261,0.106946134
0.008870625,0.367543125,0.061229219,-0.475572656,0.423419063,-0.065434219,0.579878906,-0.133184688,0.175144688,0.665909729,0.008875428,0.076241016
0.007510625,0.454183125,0.073809219,-0.390672656,0.351059063,-0.053654219,0.721258906,-0.110664688,0.142224688,0.95991237,0.023437132,0.188723466
0.007170625,0.389203125,0.051794219,-0.454347656,0.405329063,-0.056599219,0.827293906,-0.093774688,0.183374688,0.635001851,0.001992445,0.063426436
0.008530625,0.475843125,0.064374219,-0.369447656,0.332969063,-0.068379219,0.685913906,-0.116294688,0.150454688,0.78931097,0.004196278,0.118579886
0.007850625,0.432523125,0.070664219,-0.496797656,0.296789063,-0.050709219,0.615223906,-0.105034688,0.166914688,0.889306274,0.019322232,0.163180046
0.006490625,0.519163125,0.058084219,-0.411897656,0.369149063,-0.062489219,0.756603906,-0.127554688,0.133994688,0.796673328,0.005093296,0.124817523
0.006495938,0.432861563,0.066782109,-0.461312109,0.410134219,-0.047718203,0.838891484,-0.119021719,0.163699844,0.911890834,0.016584451,0.158694365
0.007855938,0.519501563,0.054202109,-0.376412109,0.337774219,-0.059498203,0.697511484,-0.096501719,0.196619844,0.71507952,0.005803363,0.100415359
0.008535938,0.389541563,0.060492109,-0.503762109,0.301594219,-0.053608203,0.626821484,-0.130281719,0.147239844,0.814980643,0.010481576,0.120237144
0.007175938,0.476181563,0.073072109,-0.418862109,0.373954219,-0.065388203,0.768201484,-0.107761719,0.180159844,0.853675294,0.014537428,0.157136839
0.007515938,0.367881563,0.051057109,-0.440087109,0.319684219,-0.068333203,0.803546484,-0.090871719,0.155469844,0.54082123,0.001906245,0.051124116
0.008875938,0.454521563,0.063637109,-0.355187109,0.392044219,-0.056553203,0.662166484,-0.113391719,0.188389844,0.844040158,0.006404712,0.123374407
0.008195938,0.411201563,0.069927109,-0.482537109,0.428224219,-0.062443203,0.591476484,-0.102131719,0.139009844,0.713236952,0.012453925,0.09930099
0.006835938,0.497841563,0.057347109,-0.397637109,0.355864219,-0.050663203,0.732856484,-0.124651719,0.171929844,0.890868676,0.004616764,0.137002329
0.007005938,0.378711563,0.074644609,-0.344574609,0.328729219,-0.052135703,0.821218984,-0.104946719,0.151354844,1.016718542,0.035147566,0.207856682
0.008365938,0.465351563,0.062064609,-0.429474609,0.401089219,-0.063915703,0.679838984,-0.127466719,0.184274844,0.77783033,0.003100755,0.107394773
0.009045938,0.422031563,0.055774609,-0.387024609,0.364909219,-0.058025703,0.609148984,-0.093686719,0.134894844,0.674017445,0.003063877,0.074712625
0.007685938,0.508671563,0.068354609,-0.471924609,0.292549219,-0.069805703,0.750528984,-0.116206719,0.167814844,0.77319709,0.00625254,0.131569015
0.007345938,0.400371563,0.058919609,-0.365799609,0.382999219,-0.066860703,0.785873984,-0.133096719,0.159584844,0.742686734,0.00693528,0.102621403
0.008705938,0.487011563,0.071499609,-0.450699609,0.310639219,-0.055080703,0.644493984,-0.110576719,0.192504844,0.938963106,0.014216294,0.175384176
0.008025938,0.357051563,0.065209609,-0.408249609,0.346819219,-0.060970703,0.573803984,-0.121836719,0.143124844,0.783815975,0.017172117,0.117549719
0.006665938,0.443691563,0.052629609,-0.493149609,0.419179219,-0.049190703,0.715183984,-0.099316719,0.176044844,0.680373556,0.004398357,0.081807826
0.006750938,0.351636563,0.062850859,-0.487843359,0.378476719,-0.055816953,0.706347734,-0.111984219,0.178102344,0.773741213,0.016786912,0.112133042
0.008110938,0.438276563,0.075430859,-0.402943359,0.306116719,-0.067596953,0.847727734,-0.134504219,0.145182344,0.91851707,0.025268429,0.188178536
0.008790938,0.394956563,0.069140859,-0.445393359,0.342296719,-0.049926953,0.777037734,-0.100724219,0.194562344,0.927721478,0.022410504,0.164035351
0.007430938,0.481596563,0.056560859,-0.360493359,0.414656719,-0.061706953,0.635657734,-0.123244219,0.161642344,0.718240388,0.003419613,0.093152671
0.007770938,0.416616563,0.072285859,-0.509068359,0.360386719,-0.064651953,0.671002734,-0.128874219,0.169872344,0.816194158,0.019947235,0.14587988
0.009130938,0.503256563,0.059705859,-0.424168359,0.432746719,-0.052871953,0.812382734,-0.106354219,0.136952344,0.81369581,0.005212247,0.109025184
0.008450938,0.373296563,0.053415859,-0.466618359,0.396566719,-0.070541953,0.741692734,-0.117614219,0.186332344,0.570482998,0.002205471,0.050582996
0.007090938,0.459936563,0.065995859,-0.381718359,0.324206719,-0.058761953,0.600312734,-0.095094219,0.153412344,0.793730162,0.006922925,0.124401367
0.006920938,0.405786563,0.054988359,-0.413555859,0.297071719,-0.057289453,0.688675234,-0.114799219,0.165757344,0.720126429,0.003388804,0.094509589
0.008280938,0.492426563,0.067568359,-0.498455859,0.369431719,-0.069069453,0.830055234,-0.092279219,0.132837344,0.745874129,0.007877937,0.121765755
0.008960938,0.362466563,0.073858359,-0.371105859,0.405611719,-0.051399453,0.759365234,-0.126059219,0.182217344,1.001054328,0.032936424,0.188036887
0.007600938,0.449106563,0.061278359,-0.456005859,0.333251719,-0.063179453,0.617985234,-0.103539219,0.149297344,0.697631482,0.003732191,0.096583645
0.007260938,0.384126563,0.064423359,-0.392330859,0.423701719,-0.060234453,0.653330234,-0.097909219,0.173987344,0.706102956,0.010402676,0.089582514
0.008620938,0.470766563,0.051843359,-0.477230859,0.351341719,-0.048454453,0.794710234,-0.120429219,0.141067344,0.831682793,0.007379169,0.113992194
0.007940938,0.427446563,0.058133359,-0.349880859,0.315161719,-0.066124453,0.724020234,-0.109169219,0.190447344,0.700987001,0.00348772,0.093024508
0.006580938,0.514086563,0.070713359,-0.434780859,0.387521719,-0.054344453,0.582640234,-0.131689219,0.157527344,0.95416615,0.013455439,0.180194321
0.006623438,0.386834063,0.056167734,-0.363146484,0.344557969,-0.062075078,0.763783359,-0.091575469,0.191476094,0.666058382,0.004963496,0.083787682
0.007983438,0.473474063,0.068747734,-0.448046484,0.416917969,-0.050295078,0.622403359,-0.114095469,0.158556094,0.893529417,0.011282385,0.149507135
0.008663438,0.430154063,0.075037734,-0.405596484,0.380737969,-0.067965078,0.693093359,-0.102835469,0.175016094,0.800372587,0.01777136,0.137511679
0.007303438,0.516794063,0.062457734,-0.490496484,0.308377969,-0.056185078,0.834473359,-0.125355469,0.142096094,0.926204242,0.009265053,0.16451229
0.007643438,0.408494063,0.065602734,-0.341921484,0.362647969,-0.053240078,0.728438359,-0.119725469,0.183246094,0.916094945,0.016353548,0.155858996
0.009003438,0.495134063,0.053022734,-0.426821484,0.290287969,-0.065020078,0.587058359,-0.097205469,0.150326094,0.550133968,0.005652202,0.062299994
0.008323438,0.365174063,0.059312734,-0.384371484,0.326467969,-0.047350078,0.657748359,-0.130985469,0.166786094,0.908177395,0.016251343,0.142997131
0.006963438,0.451814063,0.071892734,-0.469271484,0.398827969,-0.059130078,0.799128359,-0.108465469,0.133866094,0.854059746,0.017218336,0.153194758
0.007133438,0.419324063,0.060885234,-0.437433984,0.425962969,-0.060602578,0.746110859,-0.133800469,0.187361094,0.768008544,0.006737746,0.107065951
0.008493438,0.505964063,0.073465234,-0.352533984,0.353602969,-0.048822578,0.604730859,-0.111280469,0.154441094,1.026113349,0.021132289,0.200925843
0.009173438,0.376004063,0.067175234,-0.479883984,0.317422969,-0.066492578,0.675420859,-0.122540469,0.170901094,0.748573423,0.015655302,0.114107412
0.007813438,0.462644063,0.054595234,-0.394983984,0.389782969,-0.054712578,0.816800859,-0.100020469,0.137981094,0.739615541,0.003892664,0.094247643
0.007473438,0.354344063,0.070320234,-0.458658984,0.299332969,-0.057657578,0.710765859,-0.105650469,0.195591094,0.854817162,0.024982345,0.147857106
0.008833438,0.440984063,0.057740234,-0.373758984,0.371692969,-0.069437578,0.569385859,-0.128170469,0.162671094,0.666982685,0.002816741,0.07990021
0.008153438,0.397664063,0.051450234,-0.501108984,0.407872969,-0.051767578,0.640075859,-0.094390469,0.179131094,0.620427578,0.002885038,0.057812364
0.006793438,0.484304063,0.064030234,-0.416208984,0.335512969,-0.063547578,0.781455859,-0.116910469,0.146211094,0.841696742,0.005475634,0.139787034
0.006708438,0.392249063,0.072678984,-0.389677734,0.312900469,-0.070173828,0.631239609,-0.126762969,0.140038594,0.781206556,0.020041117,0.135346618
0.008068438,0.478889063,0.060098984,-0.474577734,0.385260469,-0.058393828,0.772619609,-0.104242969,0.172958594,0.759096874,0.005532451,0.109918753
0.008748438,0.348929063,0.053808984,-0.347227734,0.421440469,-0.064283828,0.843309609,-0.115502969,0.156498594,0.644178448,0.00678481,0.064849504
0.007388438,0.435569063,0.066388984,-0.432127734,0.349080469,-0.052503828,0.701929609,-0.092982969,0.189418594,0.846515498,0.011660164,0.139273286
0.007728438,0.370589063,0.056953984,-0.410902734,0.403350469,-0.049558828,0.595894609,-0.109872969,0.131808594,0.736976964,0.007797845,0.088711948
0.009088438,0.457229063,0.069533984,-0.495802734,0.330990469,-0.061338828,0.737274609,-0.132392969,0.164728594,0.902002693,0.014262241,0.163678037
0.008408438,0.413909063,0.063243984,-0.368452734,0.294810469,-0.055448828,0.807964609,-0.098612969,0.148268594,0.862831756,0.011503881,0.139016525
0.007048438,0.500549063,0.050663984,-0.453352734,0.367170469,-0.067228828,0.666584609,-0.121132969,0.181188594,0.597130877,0.006951541,0.078434528
0.006878438,0.359759063,0.067961484,-0.506415234,0.394305469,-0.065756328,0.613567109,-0.095797969,0.135923594,0.66224268,0.015708202,0.085878506
0.008238438,0.446399063,0.055381484,-0.421515234,0.321945469,-0.053976328,0.754947109,-0.118317969,0.168843594,0.831503851,0.004163346,0.11629807
0.008918438,0.403079063,0.061671484,-0.463965234,0.358125469,-0.059866328,0.825637109,-0.107057969,0.152383594,0.775403665,0.008016921,0.108724013
0.007558438,0.489719063,0.074251484,-0.379065234,0.430485469,-0.048086328,0.684257109,-0.129577969,0.185303594,1.008683227,0.021917476,0.196711083
0.007218438,0.424739063,0.052236484,-0.485190234,0.340035469,-0.051031328,0.578222109,-0.112687969,0.144153594,0.710085836,0.003857004,0.087936312
0.008578438,0.511379063,0.064816484,-0.400290234,0.412395469,-0.062811328,0.719602109,-0.090167969,0.177073594,0.771622059,0.003763282,0.107062206
0.007898438,0.381419063,0.071106484,-0.442740234,0.376215469,-0.056921328,0.790292109,-0.123947969,0.160613594,0.908691094,0.025797538,0.163127612
0.006538438,0.468059063,0.058526484,-0.357840234,0.303855469,-0.068701328,0.648912109,-0.101427969,0.193533594,0.607840806,0.001891743,0.078994424
0.006559688,0.363820313,0.071303047,-0.420188672,0.418048594,-0.067044766,0.726229297,-0.094038594,0.148782969,0.73061177,0.018857743,0.105733574
0.007919688,0.450460313,0.058723047,-0.505088672,0.345688594,-0.055264766,0.584849297,-0.116558594,0.181702969,0.753596227,0.005866814,0.107559791
0.008599688,0.407140313,0.052433047,-0.377738672,0.309508594,-0.061154766,0.655539297,-0.105298594,0.132322969,0.644032702,0.003411554,0.072185445
0.007239688,0.493780313,0.065013047,-0.462638672,0.381868594,-0.049374766,0.796919297,-0.127818594,0.165242969,0.966559877,0.009182987,0.167808223
0.007579688,0.428800313,0.061868047,-0.398963672,0.291418594,-0.052319766,0.761574297,-0.122188594,0.157012969,0.920707729,0.011010775,0.15479514
0.008939688,0.515440313,0.074448047,-0.483863672,0.363778594,-0.064099766,0.620194297,-0.099668594,0.189932969,0.868708543,0.010992832,0.155509782
0.008259688,0.385480313,0.068158047,-0.356513672,0.399958594,-0.058209766,0.690884297,-0.133448594,0.140552969,0.888266158,0.020067706,0.147845892
0.006899688,0.472120313,0.055578047,-0.441413672,0.327598594,-0.069989766,0.832264297,-0.110928594,0.173472969,0.660386178,0.00402547,0.094197233
0.007069688,0.396310313,0.063440547,-0.473251172,0.354733594,-0.068517266,0.708556797,-0.130633594,0.161127969,0.717219143,0.010436311,0.106742505
0.008429688,0.482950313,0.050860547,-0.388351172,0.427093594,-0.056737266,0.567176797,-0.108113594,0.194047969,0.62595577,0.005893035,0.069119235
0.009109688,0.352990313,0.057150547,-0.430801172,0.390913594,-0.062627266,0.637866797,-0.119373594,0.144667969,0.658116271,0.007642108,0.071114312
0.007749688,0.439630313,0.069730547,-0.345901172,0.318553594,-0.050847266,0.779246797,-0.096853594,0.177587969,0.969853238,0.019894136,0.182688976
0.007409688,0.374650313,0.054005547,-0.494476172,0.372823594,-0.047902266,0.743901797,-0.102483594,0.152897969,0.733309362,0.005084162,0.087224798
0.008769688,0.461290313,0.066585547,-0.409576172,0.300463594,-0.059682266,0.602521797,-0.125003594,0.185817969,0.859789391,0.008158962,0.14074143
0.008089688,0.417970313,0.072875547,-0.452026172,0.336643594,-0.053792266,0.673211797,-0.091223594,0.136437969,0.875516424,0.021854475,0.157654619
0.006729688,0.504610313,0.060295547,-0.367126172,0.409003594,-0.065572266,0.814591797,-0.113743594,0.169357969,0.759159769,0.00343813,0.109710117
0.006814688,0.412555313,0.051646797,-0.351207422,0.386391094,-0.058946016,0.593685547,-0.126411094,0.167300469,0.679900669,0.002834258,0.079956454
0.008174688,0.499195313,0.064226797,-0.436107422,0.314031094,-0.047166016,0.735065547,-0.103891094,0.134380469,0.999610163,0.008215604,0.171244583
0.008854688,0.369235313,0.070516797,-0.393657422,0.350211094,-0.064836016,0.805755547,-0.115151094,0.183760469,0.859127,0.022902052,0.148316836
0.007494688,0.455875313,0.057936797,-0.478557422,0.422571094,-0.053056016,0.664375547,-0.092631094,0.150840469,0.68851931,0.004202451,0.085765671
0.007834688,0.347575313,0.067371797,-0.372432422,0.332121094,-0.056001016,0.629030547,-0.109521094,0.175530469,0.877894477,0.02233487,0.146095392
0.009194688,0.434215313,0.054791797,-0.457332422,0.404481094,-0.067781016,0.770410547,-0.132041094,0.142610469,0.662765639,0.003640792,0.07396571
0.008514688,0.390895313,0.061081797,-0.414882422,0.368301094,-0.050111016,0.841100547,-0.098261094,0.191990469,0.844250285,0.01138524,0.123633937
0.007154688,0.477535313,0.073661797,-0.499782422,0.295941094,-0.061891016,0.699720547,-0.120781094,0.159070469,0.855894558,0.017474659,0.168613494
0.006984688,0.380065313,0.059509297,-0.446719922,0.323076094,-0.063363516,0.576013047,-0.101076094,0.179645469,0.623258366,0.006137704,0.074274839
0.008344688,0.466705313,0.072089297,-0.361819922,0.395436094,-0.051583516,0.717393047,-0.123596094,0.146725469,0.983108166,0.020095257,0.184572063
0.009024688,0.423385313,0.065799297,-0.489169922,0.431616094,-0.069253516,0.788083047,-0.112336094,0.196105469,0.678533911,0.006568706,0.086160372
0.007664688,0.510025313,0.053219297,-0.404269922,0.359256094,-0.057473516,0.646703047,-0.134856094,0.163185469,0.779676351,0.007109517,0.112478805
0.007324688,0.401725313,0.075234297,-0.425494922,0.413526094,-0.054528516,0.611358047,-0.117966094,0.171415469,0.891178962,0.026367336,0.161103279
0.008684688,0.488365313,0.062654297,-0.340594922,0.341166094,-0.066308516,0.752738047,-0.095446094,0.138495469,0.777789546,0.004176375,0.112031899
0.008004688,0.358405313,0.056364297,-0.467944922,0.304986094,-0.048638516,0.823428047,-0.129226094,0.187875469,0.893469363,0.014867967,0.139011934
0.006644688,0.445045313,0.068944297,-0.383044922,0.377346094,-0.060418516,0.682048047,-0.106706094,0.154955469,0.830842338,0.012734918,0.140097902
0.006602188,0.409847813,0.057543672,-0.497129297,0.338904844,-0.058577891,0.801337422,-0.122892344,0.186846719,0.765383647,0.006008204,0.111934658
0.007962188,0.496487813,0.070123672,-0.412229297,0.411264844,-0.070357891,0.659957422,-0.100372344,0.153926719,0.767330141,0.005310742,0.116369293
0.008642188,0.366527813,0.063833672,-0.454679297,0.375084844,-0.052687891,0.589267422,-0.134152344,0.170386719,0.849339791,0.017714046,0.130140891
0.007282188,0.453167813,0.051253672,-0.369779297,0.302724844,-0.064467891,0.730647422,-0.111632344,0.137466719,0.632865243,0.003912958,0.079675598
0.007622188,0.388187813,0.073268672,-0.475904297,0.393174844,-0.061522891,0.836682422,-0.094742344,0.195076719,0.814569858,0.022697504,0.136739427
0.008982188,0.474827813,0.060688672,-0.391004297,0.320814844,-0.049742891,0.695302422,-0.117262344,0.162156719,0.95648014,0.006827529,0.150365844
0.008302188,0.431507813,0.054398672,-0.433454297,0.356994844,-0.067412891,0.624612422,-0.106002344,0.178616719,0.593198896,0.002887578,0.065156333
0.006942188,0.518147813,0.066978672,-0.348554297,0.429354844,-0.055632891,0.765992422,-0.128522344,0.145696719,0.956613698,0.009415314,0.16345892
0.007112188,0.355697813,0.052826172,-0.401616797,0.402219844,-0.054160391,0.783664922,-0.103187344,0.190961719,0.683214703,0.005852362,0.075982221
0.008472188,0.442337813,0.065406172,-0.486516797,0.329859844,-0.065940391,0.642284922,-0.125707344,0.158041719,0.766404933,0.007433322,0.118871184
0.009152188,0.399017813,0.071696172,-0.359166797,0.293679844,-0.048270391,0.571594922,-0.091927344,0.174501719,0.935691136,0.023683862,0.168308033
0.007792188,0.485657813,0.059116172,-0.444066797,0.366039844,-0.060050391,0.712974922,-0.114447344,0.141581719,0.774127728,0.00481028,0.112903465
0.007452188,0.420677813,0.068551172,-0.422841797,0.311769844,-0.062995391,0.819009922,-0.131337344,0.182731719,0.891942912,0.018158628,0.165718007
0.008812188,0.507317813,0.055971172,-0.507741797,0.384129844,-0.051215391,0.677629922,-0.108817344,0.149811719,0.769724738,0.008472701,0.109095327
0.008132188,0.377357813,0.062261172,-0.380391797,0.420309844,-0.068885391,0.606939922,-0.120077344,0.166271719,0.654916065,0.008401265,0.076379385
0.006772188,0.463997813,0.074841172,-0.465291797,0.347949844,-0.057105391,0.748319922,-0.097557344,0.133351719,0.894550338,0.021475408,0.175632169
0.006687188,0.371942813,0.064619922,-0.428148047,0.307247344,-0.050479141,0.668793672,-0.107409844,0.139524219,0.862635309,0.018817159,0.142676457
0.008047188,0.458582813,0.052039922,-0.343248047,0.379607344,-0.062259141,0.810173672,-0.129929844,0.172444219,0.736013679,0.005055244,0.095571254
0.008727188,0.415262813,0.058329922,-0.470598047,0.415787344,-0.056369141,0.739483672,-0.096149844,0.155984219,0.693092104,0.002689257,0.075924862
0.007367188,0.501902813,0.070909922,-0.385698047,0.343427344,-0.068149141,0.598103672,-0.118669844,0.188904219,0.83891177,0.008551695,0.146910916
0.007707188,0.393602813,0.055184922,-0.449373047,0.433877344,-0.065204141,0.704138672,-0.124299844,0.147754219,0.620094063,0.002261632,0.060518092
0.009067188,0.480242813,0.067764922,-0.364473047,0.361517344,-0.053424141,0.845518672,-0.101779844,0.180674219,0.965375957,0.012039808,0.16802301
0.008387188,0.350282813,0.074054922,-0.491823047,0.325337344,-0.059314141,0.774828672,-0.113039844,0.164214219,0.917811731,0.033263437,0.172324741
0.007027188,0.436922813,0.061474922,-0.406923047,0.397697344,-0.047534141,0.633448672,-0.090519844,0.197134219,0.796886491,0.005790763,0.112059651
0.006857188,0.426092813,0.069337422,-0.375085547,0.370562344,-0.049006641,0.651121172,-0.115854844,0.143639219,0.942177881,0.020238308,0.171301711
0.008217188,0.512732813,0.056757422,-0.459985547,0.298202344,-0.060786641,0.792501172,-0.093334844,0.176559219,0.730221879,0.006372254,0.109271115
0.008897188,0.382772813,0.050467422,-0.417535547,0.334382344,-0.054896641,0.721811172,-0.127114844,0.160099219,0.745362854,0.005800764,0.090196845
0.007537188,0.469412813,0.063047422,-0.502435547,0.406742344,-0.066676641,0.580431172,-0.104594844,0.193019219,0.656859614,0.005222858,0.091472304
0.007197188,0.361112813,0.059902422,-0.353860547,0.352472344,-0.069621641,0.686466172,-0.098964844,0.135409219,0.631628671,0.00867413,0.076564346
0.008557188,0.447752813,0.072482422,-0.438760547,0.424832344,-0.057841641,0.827846172,-0.121484844,0.168329219,0.894448952,0.017944981,0.157519343
0.007877188,0.404432813,0.066192422,-0.396310547,0.388652344,-0.063731641,0.757156172,-0.110224844,0.151869219,0.775299581,0.012059019,0.11592825
0.006517188,0.491072813,0.053612422,-0.481210547,0.316292344,-0.051951641,0.615776172,-0.132744844,0.184789219,0.798317597,0.007728094,0.12297785
0.006506563,0.375327188,0.061180078,-0.386361328,0.381303281,-0.057197422,0.707452266,-0.128346406,0.182988906,0.818582764,0.013732797,0.124615829
0.007866563,0.461967188,0.073760078,-0.471261328,0.308943281,-0.068977422,0.566072266,-0.105826406,0.150068906,0.728526355,0.011534386,0.122559044
0.008546563,0.418647188,0.067470078,-0.343911328,0.345123281,-0.051307422,0.636762266,-0.117086406,0.166528906,0.935804264,0.017476565,0.162520144
0.007186563,0.505287188,0.054890078,-0.428811328,0.417483281,-0.063087422,0.778142266,-0.094566406,0.133608906,0.639478125,0.004130414,0.079692368
0.007526563,0.396987188,0.070615078,-0.407586328,0.327033281,-0.060142422,0.742797266,-0.111456406,0.191218906,0.870377016,0.021154696,0.156253567
0.008886563,0.483627188,0.058035078,-0.492486328,0.399393281,-0.048362422,0.601417266,-0.133976406,0.158298906,0.84870469,0.006472774,0.12010368
0.008206563,0.353667188,0.051745078,-0.365136328,0.363213281,-0.066032422,0.672107266,-0.100196406,0.174758906,0.57249577,0.0040114,0.053572968
0.006846563,0.440307188,0.064325078,-0.450036328,0.290853281,-0.054252422,0.813487266,-0.122716406,0.141838906,0.908510618,0.012939195,0.163136847
0.007016563,0.429477188,0.056462578,-0.503098828,0.317988281,-0.055724922,0.725124766,-0.097381406,0.195333906,0.709234277,0.004994719,0.098765137
0.008376563,0.516117188,0.069042578,-0.418198828,0.390348281,-0.067504922,0.583744766,-0.119901406,0.162413906,0.844839187,0.005269452,0.135629736
0.009056563,0.386157188,0.075332578,-0.460648828,0.426528281,-0.049834922,0.654434766,-0.108641406,0.178873906,0.893790784,0.02765636,0.153978119
0.007696563,0.472797188,0.062752578,-0.375748828,0.354168281,-0.061614922,0.795814766,-0.131161406,0.145953906,0.89085482,0.006264162,0.144141421
0.007356563,0.364497188,0.065897578,-0.481873828,0.408438281,-0.064559922,0.760469766,-0.114271406,0.187103906,0.723289093,0.015420421,0.1001907
0.008716563,0.451137188,0.053317578,-0.396973828,0.336078281,-0.052779922,0.619089766,-0.091751406,0.154183906,0.710999438,0.004445103,0.087076986
0.008036563,0.407817188,0.059607578,-0.439423828,0.299898281,-0.070449922,0.689779766,-0.125531406,0.170643906,0.635845923,0.003405334,0.07928068
0.006676563,0.494457188,0.072187578,-0.354523828,0.372258281,-0.058669922,0.831159766,-0.103011406,0.137723906,0.940996993,0.016730337,0.178776894
0.006761563,0.402402188,0.068256328,-0.370442578,0.422005781,-0.052043672,0.574908516,-0.090343906,0.135666406,0.795746268,0.014336617,0.117408535
0.008121563,0.489042188,0.055676328,-0.455342578,0.349645781,-0.063823672,0.716288516,-0.112863906,0.168586406,0.708147147,0.005735767,0.098813048
0.008801563,0.359082188,0.061966328,-0.412892578,0.313465781,-0.057933672,0.786978516,-0.101603906,0.152126406,0.794444893,0.014758435,0.11798342
0.007441563,0.445722188,0.074546328,-0.497792578,0.385825781,-0.069713672,0.645598516,-0.124123906,0.185046406,0.779911168,0.017366685,0.140583115
0.007781563,0.380742188,0.052531328,-0.349217578,0.295375781,-0.066768672,0.610253516,-0.118493906,0.143896406,0.566909991,0.002822103,0.056465927
0.009141563,0.467382188,0.065111328,-0.434117578,0.367735781,-0.054988672,0.751633516,-0.095973906,0.176816406,0.862021222,0.005997452,0.130694404
0.008461563,0.424062188,0.071401328,-0.391667578,0.403915781,-0.060878672,0.822323516,-0.129753906,0.160356406,0.898497593,0.019623385,0.158994411
0.007101563,0.510702188,0.058821328,-0.476567578,0.331555781,-0.049098672,0.680943516,-0.107233906,0.193276406,0.85648162,0.007730852,0.140180756
0.006931563,0.348252188,0.072973828,-0.444730078,0.358690781,-0.047626172,0.592581016,-0.132568906,0.148011406,1.022912978,0.036511154,0.20025071
0.008291563,0.434892188,0.060393828,-0.359830078,0.431050781,-0.059406172,0.733961016,-0.110048906,0.180931406,0.740581745,0.003972885,0.09162309
0.008971563,0.391572188,0.054103828,-0.487180078,0.394870781,-0.053516172,0.804651016,-0.121308906,0.164471406,0.747565644,0.004224751,0.085563517
0.007611563,0.478212188,0.066683828,-0.402280078,0.322510781,-0.065296172,0.663271016,-0.098788906,0.197391406,0.774487851,0.004955987,0.121826269
0.007271563,0.413232188,0.057248828,-0.465955078,0.376780781,-0.068241172,0.627926016,-0.104418906,0.139781406,0.587411327,0.002786688,0.065070849
0.008631563,0.499872188,0.069828828,-0.381055078,0.304420781,-0.056461172,0.769306016,-0.126938906,0.172701406,1.026685941,0.016400042,0.200466665
0.007951563,0.369912188,0.063538828,-0.508405078,0.340600781,-0.062351172,0.839996016,-0.093158906,0.156241406,0.716571186,0.012934831,0.10159839
0.006591563,0.456552188,0.050958828,-0.423505078,0.412960781,-0.050571172,0.698616016,-0.115678906,0.189161406,0.711589741,0.004494587,0.089179137
0.006634063,0.421354688,0.074153203,-0.479220703,0.302159531,-0.065664297,0.782560391,-0.110752656,0.153155156,0.80719068,0.021202824,0.151480592
0.007994063,0.507994688,0.061573203,-0.394320703,0.374519531,-0.053884297,0.641180391,-0.133272656,0.186075156,0.943009944,0.004564394,0.147437941
0.008674063,0.378034688,0.055283203,-0.436770703,0.410699531,-0.059774297,0.570490391,-0.099492656,0.136695156,0.600043564,0.00278358,0.05251013
0.007314063,0.464674688,0.067863203,-0.351870703,0.338339531,-0.047994297,0.711870391,-0.122012656,0.169615156,1.012294615,0.017494927,0.192155751
0.007654063,0.356374688,0.058428203,-0.500445703,0.428789531,-0.050939297,0.817905391,-0.127642656,0.161385156,0.766631559,0.011915476,0.097951692
0.009014063,0.443014688,0.071008203,-0.415545703,0.356429531,-0.062719297,0.676525391,-0.105122656,0.194305156,0.841289829,0.013846904,0.143127047
0.008334063,0.399694688,0.064718203,-0.457995703,0.320249531,-0.056829297,0.605835391,-0.116382656,0.144925156,0.802929239,0.012604675,0.1239802
0.006974063,0.486334688,0.052138203,-0.373095703,0.392609531,-0.068609297,0.747215391,-0.093862656,0.177845156,0.570305157,0.003529901,0.06614706
0.007144063,0.388864688,0.066290703,-0.404933203,0.365474531,-0.070081797,0.800232891,-0.113567656,0.157270156,0.749591195,0.013785646,0.115632877
0.008504063,0.475504688,0.053710703,-0.489833203,0.293114531,-0.058301797,0.658852891,-0.091047656,0.190190156,0.645400898,0.006152671,0.083600699
0.009184063,0.432184688,0.060000703,-0.362483203,0.329294531,-0.064191797,0.588162891,-0.124827656,0.140810156,0.749528049,0.004671755,0.100134594
0.007824063,0.518824688,0.072580703,-0.447383203,0.401654531,-0.052411797,0.729542891,-0.102307656,0.173730156,0.960657868,0.013763755,0.176178749
0.007484063,0.410524688,0.050565703,-0.383708203,0.347384531,-0.049466797,0.835577891,-0.096677656,0.149040156,0.755665687,0.00404794,0.094491809
0.008844063,0.497164688,0.063145703,-0.468608203,0.419744531,-0.061246797,0.694197891,-0.119197656,0.181960156,0.774562545,0.006004715,0.113290616
0.008164063,0.367204688,0.069435703,-0.341258203,0.383564531,-0.055356797,0.623507891,-0.107937656,0.132580156,0.878017905,0.02200399,0.144364147
0.006804063,0.453844688,0.056855703,-0.426158203,0.311204531,-0.067136797,0.764887891,-0.130457656,0.165500156,0.708446254,0.003492057,0.102585228
0.006719063,0.361789688,0.054496953,-0.463301953,0.342862031,-0.060510547,0.650016641,-0.120605156,0.171672656,0.665897641,0.006038137,0.081174555
0.008079063,0.448429688,0.067076953,-0.378401953,0.415222031,-0.048730547,0.791396641,-0.098085156,0.138752656,0.896517061,0.011911542,0.143038208
0.008759063,0.405109688,0.073366953,-0.505751953,0.379042031,-0.066400547,0.720706641,-0.131865156,0.188132656,0.829829104,0.0222807,0.147322945
0.007399063,0.491749688,0.060786953,-0.420851953,0.306682031,-0.054620547,0.579326641,-0.109345156,0.155212656,0.809758554,0.004319819,0.123012015
0.007739063,0.426769688,0.063931953,-0.442076953,0.397132031,-0.057565547,0.685361641,-0.092455156,0.179902656,0.738183166,0.006742544,0.101205931
0.009099063,0.513409688,0.051351953,-0.357176953,0.324772031,-0.069345547,0.826741641,-0.114975156,0.146982656,0.669671368,0.008323688,0.091742354
0.008419063,0.383449688,0.057641953,-0.484526953,0.360952031,-0.051675547,0.756051641,-0.103715156,0.196362656,0.76293012,0.006887417,0.098495185
0.007059063,0.470089688,0.070221953,-0.399626953,0.433312031,-0.063455547,0.614671641,-0.126235156,0.163442656,0.818771946,0.010472725,0.134645748
0.006889063,0.394279688,0.062359453,-0.346564453,0.406177031,-0.061983047,0.667689141,-0.106530156,0.175787656,0.731246519,0.00920156,0.098240544
0.008249063,0.480919688,0.074939453,-0.431464453,0.333817031,-0.050203047,0.809069141,-0.129050156,0.142867656,1.073774086,0.029497177,0.231202036
0.008929063,0.350959688,0.068649453,-0.389014453,0.297637031,-0.067873047,0.738379141,-0.095270156,0.192247656,0.72993291,0.017473816,0.108403765
0.007569063,0.437599688,0.056069453,-0.473914453,0.369997031,-0.056093047,0.596999141,-0.117790156,0.159327656,0.718982171,0.0039613,0.092887407
0.007229063,0.372619688,0.071794453,-0.367789453,0.315727031,-0.053148047,0.703034141,-0.134680156,0.167557656,1.029138861,0.033149502,0.207953716
0.008589063,0.459259688,0.059214453,-0.452689453,0.388087031,-0.064928047,0.844414141,-0.112160156,0.134637656,0.732459831,0.003583714,0.0964684
0.007909063,0.415939688,0.052924453,-0.410239453,0.424267031,-0.047258047,0.773724141,-0.123420156,0.184017656,0.785463417,0.003817748,0.09409201
0.006549063,0.502579688,0.065504453,-0.495139453,0.351907031,-0.059038047,0.632344141,-0.100900156,0.151097656,0.783229745,0.008411248,0.135284107
0.006527813,0.398340938,0.053121016,-0.430137891,0.373388906,-0.063639609,0.820114453,-0.108993281,0.195848281,0.653345261,0.00224244,0.077171143
0.007887813,0.484980938,0.065701016,-0.345237891,0.301028906,-0.051859609,0.678734453,-0.131513281,0.162928281,1.00867663,0.01251154,0.184823756
0.008567813,0.355020938,0.071991016,-0.472587891,0.337208906,-0.069529609,0.608044453,-0.097733281,0.179388281,0.702156543,0.019774205,0.103312885
0.007207813,0.441660938,0.059411016,-0.387687891,0.409568906,-0.057749609,0.749424453,-0.120253281,0.146468281,0.782948363,0.004037555,0.106545358
0.007547813,0.376680938,0.068846016,-0.451362891,0.355298906,-0.054804609,0.784769453,-0.125883281,0.187618281,0.925909074,0.025140543,0.167204825
0.008907813,0.463320938,0.056266016,-0.366462891,0.427658906,-0.066584609,0.643389453,-0.103363281,0.154698281,0.608714055,0.003187188,0.063378381
0.008227813,0.420000938,0.062556016,-0.493812891,0.391478906,-0.048914609,0.572699453,-0.114623281,0.171158281,0.806685614,0.008209281,0.115004968
0.006867813,0.506640938,0.075136016,-0.408912891,0.319118906,-0.060694609,0.714079453,-0.092103281,0.138238281,0.906157471,0.016652157,0.176092436
0.007037813,0.365850938,0.057838516,-0.377075391,0.291983906,-0.059222109,0.837786953,-0.117438281,0.183503281,0.78164772,0.011226341,0.11730558
0.008397813,0.452490938,0.070418516,-0.461975391,0.364343906,-0.047442109,0.696406953,-0.094918281,0.150583281,0.921903098,0.016804737,0.164058219
0.009077813,0.409170938,0.064128516,-0.419525391,0.400523906,-0.065112109,0.625716953,-0.128698281,0.167043281,0.745369214,0.008205517,0.101392998
0.007717813,0.495810938,0.051548516,-0.504425391,0.328163906,-0.053332109,0.767096953,-0.106178281,0.134123281,0.741539333,0.009072079,0.107342217
0.007377813,0.430830938,0.073563516,-0.355850391,0.418613906,-0.056277109,0.802441953,-0.100548281,0.191733281,0.887632485,0.020163215,0.156196563
0.008737813,0.517470938,0.060983516,-0.440750391,0.346253906,-0.068057109,0.661061953,-0.123068281,0.158813281,0.757948918,0.005625641,0.114346467
0.008057813,0.387510938,0.054693516,-0.398300391,0.310073906,-0.050387109,0.590371953,-0.111808281,0.175273281,0.768071783,0.0058531,0.099564371
0.006697813,0.474150938,0.067273516,-0.483200391,0.382433906,-0.062167109,0.731751953,-0.134328281,0.142353281,0.844731166,0.012155587,0.152337188
0.006782813,0.382095938,0.069632266,-0.488506641,0.414091406,-0.068793359,0.687570703,-0.121660781,0.144410781,0.713483045,0.016687975,0.104787896
0.008142813,0.468735938,0.057052266,-0.403606641,0.341731406,-0.057013359,0.828950703,-0.099140781,0.177330781,0.798314077,0.00381456,0.112159058
0.008822813,0.425415938,0.050762266,-0.446056641,0.305551406,-0.062903359,0.758260703,-0.132920781,0.160870781,0.699737245,0.005062996,0.087206786
0.007462813,0.512055938,0.063342266,-0.361156641,0.377911406,-0.051123359,0.616880703,-0.110400781,0.193790781,0.921414162,0.00492641,0.145717927
0.007802813,0.403755938,0.060197266,-0.467281641,0.323641406,-0.048178359,0.652225703,-0.093510781,0.136180781,0.802579848,0.008153333,0.114845213
0.009162813,0.490395938,0.072777266,-0.382381641,0.396001406,-0.059958359,0.793605703,-0.116030781,0.169100781,0.948879584,0.01589133,0.173517182
0.008482813,0.360435938,0.066487266,-0.424831641,0.432181406,-0.054068359,0.722915703,-0.104770781,0.152640781,0.791670237,0.017306286,0.109620821
0.007122813,0.447075938,0.053907266,-0.339931641,0.359821406,-0.065848359,0.581535703,-0.127290781,0.185560781,0.67222746,0.002911665,0.085011155
0.006952813,0.414585938,0.064914766,-0.392994141,0.332686406,-0.067320859,0.705243203,-0.101955781,0.132065781,0.715964536,0.008721454,0.10588391
0.008312813,0.501225938,0.052334766,-0.477894141,0.405046406,-0.055540859,0.846623203,-0.124475781,0.164985781,0.747592459,0.009001039,0.101998192
0.008992813,0.371265938,0.058624766,-0.350544141,0.368866406,-0.061430859,0.775933203,-0.090695781,0.148525781,0.695603728,0.007858414,0.083515805
0.007632813,0.457905938,0.071204766,-0.435444141,0.296506406,-0.049650859,0.634553203,-0.113215781,0.181445781,0.961236665,0.019706196,0.186463913
0.007292813,0.349605938,0.055479766,-0.414219141,0.386956406,-0.052595859,0.669898203,-0.130105781,0.140295781,0.763560703,0.010655801,0.099540413
0.008652813,0.436245938,0.068059766,-0.499119141,0.314596406,-0.064375859,0.811278203,-0.107585781,0.173215781,0.810619526,0.012198772,0.138278374
0.007972813,0.392925938,0.074349766,-0.371769141,0.350776406,-0.058485859,0.740588203,-0.118845781,0.156755781,0.948053944,0.029450222,0.183767774
0.006612813,0.479565938,0.061769766,-0.456669141,0.423136406,-0.070265859,0.599208203,-0.096325781,0.189675781,0.599278785,0.002820425,0.076173615
0.006570313,0.352313438,0.062949141,-0.358503516,0.307812656,-0.049282734,0.745006328,-0.125179531,0.159842031,0.973441175,0.023106764,0.173852862
0.007930313,0.438953438,0.050369141,-0.443403516,0.380172656,-0.061062734,0.603626328,-0.102659531,0.192762031,0.591031695,0.004397609,0.062487653
0.008610313,0.395633438,0.056659141,-0.400953516,0.416352656,-0.055172734,0.674316328,-0.113919531,0.143382031,0.719386034,0.004629843,0.08150074
0.007250313,0.482273438,0.069239141,-0.485853516,0.343992656,-0.066952734,0.815696328,-0.091399531,0.176302031,0.776185675,0.009237624,0.135571687
0.007590313,0.417293438,0.053514141,-0.379728516,0.398262656,-0.069897734,0.709661328,-0.108289531,0.151612031,0.572955571,0.002069037,0.057402396
0.008950313,0.503933438,0.066094141,-0.464628516,0.325902656,-0.058117734,0.568281328,-0.130809531,0.184532031,0.921403074,0.005768038,0.151363214
0.008270313,0.373973438,0.072384141,-0.422178516,0.289722656,-0.064007734,0.638971328,-0.097029531,0.135152031,0.744892483,0.019260969,0.116186884
0.006910313,0.460613438,0.059804141,-0.507078516,0.362082656,-0.052227734,0.780351328,-0.119549531,0.168072031,0.83620315,0.008541781,0.134885815
0.007080313,0.406463438,0.070811641,-0.454016016,0.389217656,-0.050755234,0.762678828,-0.099844531,0.155727031,0.88356296,0.021677994,0.153803833
0.008440313,0.493103438,0.058231641,-0.369116016,0.316857656,-0.062535234,0.621298828,-0.122364531,0.188647031,0.766012428,0.004314156,0.109280052
0.009120313,0.363143438,0.051941641,-0.496466016,0.353037656,-0.056645234,0.691988828,-0.111104531,0.139267031,0.663081751,0.004098502,0.067327216
0.007760313,0.449783438,0.064521641,-0.411566016,0.425397656,-0.068425234,0.833368828,-0.133624531,0.172187031,0.784649437,0.006361745,0.115671097
0.007420313,0.384803438,0.061376641,-0.432791016,0.334947656,-0.065480234,0.727333828,-0.116734531,0.163957031,0.718142452,0.009449458,0.102072433
0.008780313,0.471443438,0.073956641,-0.347891016,0.407307656,-0.053700234,0.585953828,-0.094214531,0.196877031,0.89298763,0.015453727,0.153937159
0.008100313,0.428123438,0.067666641,-0.475241016,0.371127656,-0.059590234,0.656643828,-0.127994531,0.147497031,0.841341858,0.014136533,0.141035297
0.006740313,0.514763438,0.055086641,-0.390341016,0.298767656,-0.047810234,0.798023828,-0.105474531,0.180417031,0.908867329,0.006044196,0.144210091
0.006655313,0.422708438,0.059017891,-0.416872266,0.348515156,-0.054436484,0.612462578,-0.095622031,0.174244531,0.733210709,0.004544309,0.099914033
0.008015313,0.509348438,0.071597891,-0.501772266,0.420875156,-0.066216484,0.753842578,-0.118142031,0.141324531,0.828058568,0.009882849,0.14201321
0.008695313,0.379388438,0.065307891,-0.374422266,0.384695156,-0.048546484,0.824532578,-0.106882031,0.190704531,0.911396918,0.018699043,0.146730429
0.007335313,0.466028438,0.052727891,-0.459322266,0.312335156,-0.060326484,0.683152578,-0.129402031,0.157784531,0.711285521,0.005624525,0.098724849
0.007675313,0.357728438,0.074742891,-0.395647266,0.366605156,-0.063271484,0.577117578,-0.123772031,0.166014531,0.882523835,0.028589427,0.159708679
